﻿<?xml version="1.0" encoding="UTF-8" standalone="yes"?>
<addon id="repository.eldorado" name="Eldorado's XBMC Addons" version="1.0.0" provider-name="eldorado">
	<extension point="xbmc.addon.repository" name="Eldorado's XBMC Addon Repository">
		<info compressed="false">https://github.com/Eldorados/eldorado-xbmc-addons/raw/master/addons.xml</info>
		<checksum>https://github.com/Eldorados/eldorado-xbmc-addons/raw/master/addons.xml.md5</checksum>
		<datadir zip="true">https://github.com/Eldorados/eldorado-xbmc-addons/raw/master/repo/</datadir>
	</extension>
	<extension point="xbmc.addon.metadata">
		<summary>Install Eldorado's Addons</summary>
		<description>Download and install addons by Eldorado</description>
		<platform>all</platform>
	</extension>
</addon>

